term,posting
consider,79:2
queri,79:1
month,79:2
abil,79:2
chair,79:18
research,79:13
depend,79:2
environment,79:13
skip,79:1
sociolog,79:2
electron,79:4
candid,79:16
mechan,79:11
lynch,79:2
disast,79:2
failur,79:2
relev,79:2
administr,79:5
level,79:6
list,79:2
div,79:2
dimens,79:5
direct,79:2
design,79:6
quebec,79:9
click,79:6
supervis,79:2
hide,79:8
current,79:3
experiment,79:2
conduct,79:2
new,79:2
net,79:2
deborah,79:4
full,79:4
gener,79:4
french,79:2
bachelor,79:4
address,79:1
tenur,79:6
strong,79:4
search,79:3
forens,79:2
invit,79:12
technolog,79:6
social,79:11
studi,79:2
montreal,79:9
depart,79:2
appli,79:4
disciplin,79:12
webmail,79:1
visibl,79:2
cloud,79:2
commun,79:4
univers,79:21
websit,79:3
asset,79:6
minor,79:4
desir,79:2
curriculum,79:4
notic,79:1
hold,79:14
iii,79:2
women,79:2
pedagogi,79:2
histori,79:2
give,79:1
sought,79:6
critic,79:2
council,79:1
blvd,79:1
attract,79:2
enc,79:7
end,79:2
cse,79:6
perspect,79:2
map,79:1
resourc,79:2
faculti,79:8
tool,79:4
membership,79:4
cours,79:4
date,79:1
undergradu,79:4
philosophi,79:4
associ,79:7
demonstr,79:6
stress,79:2
short,79:2
essenti,79:2
practic,79:2
light,79:2
environ,79:2
elig,79:2
composit,79:10
anticip,79:2
govern,79:5
approv,79:2
mission,79:2
graduat,79:2
vita,79:4
ethic,79:5
monitor,79:2
polici,79:1
dr,79:12
offic,79:1
pugh,79:2
mail,79:1
main,79:2
addclass,79:2
term,79:3
name,79:2
januari,79:2
societi,79:4
intellig,79:2
continu,79:6
ec,79:6
expect,79:4
myconcordia,79:1
energi,79:2
sexual,79:2
event,79:2
special,79:1
canada,79:9
matrix,79:2
discharg,79:2
content,79:1
sustain,79:2
print,79:1
integr,79:2
qualifi,79:6
advanc,79:2
envelop,79:4
administrativeunit,79:1
advisor,79:1
teach,79:14
lta,79:4
perman,79:4
think,79:2
feed,79:1
softwar,79:15
notifi,79:2
directli,79:2
independ,79:2
qualiti,79:2
wast,79:2
rank,79:4
open,79:6
mudur,79:2
size,79:1
prioriti,79:4
top,79:1
system,79:8
statement,79:6
maisonneuv,79:1
slidedown,79:4
provinc,79:2
juli,79:2
aeronaut,79:4
rss,79:1
dossier,79:2
recruit,79:2
structur,79:2
posit,79:38
analysi,79:6
comput,79:29
gale,79:4
concordia,79:43
engin,79:86
built,79:2
mie,79:6
build,79:25
divers,79:2
begin,79:8
index,79:2
track,79:8
letter,79:4
aborigin,79:2
hasclass,79:2
class,79:3
url,79:3
professor,79:8
senior,79:4
show,79:6
text,79:1
staff,79:6
access,79:3
copyright,79:1
equiti,79:4
menu,79:2
helpdesk,79:1
removeclass,79:2
activ,79:2
manufactur,79:6
zaheeruddin,79:2
stipul,79:2
contribut,79:4
de,79:1
autom,79:2
banner,79:4
requir,79:8
advisorycouncil,79:1
knowledg,79:4
elast,79:2
close,79:4
subject,79:2
expertis,79:14
review,79:4
import,79:2
experi,79:4
email,79:2
complement,79:2
job,79:12
carbon,79:2
advertis,79:2
tue,79:1
acoust,79:2
zaheer,79:2
career,79:2
aircraft,79:2
nserc,79:2
schedul,79:1
ca,79:19
ce,79:6
budgetari,79:2
interest,79:11
electr,79:5
immedi,79:4
showhid,79:2
imag,79:4
aero,79:2
fund,79:2
understand,79:2
novemb,79:4
solid,79:2
servic,79:2
canadian,79:6
air,79:2
employ,79:4
blynch,79:2
slideup,79:4
centr,79:4
site,79:1
jpg,79:2
iv,79:2
ii,79:2
scienc,79:24
inquiri,79:4
perform,79:2
member,79:5
html,79:2
complet,79:2
http,79:1
evid,79:2
assist,79:6
effect,79:2
phd,79:20
student,79:4
extern,79:2
php,79:1
techniqu,79:2
qualif,79:4
person,79:4
contact,79:5
polym,79:2
model,79:2
academ,79:3
campu,79:1
dysart,79:6
human,79:5
shuttl,79:1
skill,79:2
ham,79:2
treatment,79:2
aerospac,79:4
citizen,79:2
possess,79:2
applic,79:68
prefer,79:10
department,79:2
moistur,79:2
background,79:2
bcee,79:6
resid,79:4
success,79:2
specif,79:6
rehabilit,79:2
manag,79:2
www,79:9
dean,79:3
captur,79:2
back,79:1
daylight,79:2
home,79:3
librari,79:1
legal,79:1
quicklink,79:2
larg,79:2
condit,79:2
refer,79:2
encourag,79:6
refere,79:4
bu,79:1
post,79:1
page,79:4
degre,79:8
commit,79:6
industri,79:10
disabl,79:2
telephon,79:1
effici,79:2
civil,79:3
profession,79:2
assess,79:2
artifici,79:2
implic,79:2
area,79:26
submit,79:2
includ,79:2
submiss,79:2
function,79:6
heat,79:2
procedur,79:1
junior,79:2
info,79:2
consist,79:4
record,79:2
limit,79:3
similar,79:4
lectur,79:2
strongli,79:2
diagnost,79:2
check,79:1
fill,79:10
titl,79:1
excel,79:4
detail,79:2
virtual,79:2
futur,79:1
test,79:2
scholarli,79:2
architectur,79:6
relat,79:10
breadcrumb,79:2
consid,79:2
appoint,79:7
researchchair,79:4
masc,79:2
directori,79:2
descript,79:2
time,79:4
decemb,79:1
